e_pas,ena,ek,Rin,tau,RMP
-100,25,-110,0.8840990895642752,85.18920145446496,-82.40360208245758
-100,25,-105,0.8843441542596362,85.16306730806319,-82.39876098644858
-100,25,-100,0.8845895551591452,85.13691900279169,-82.39391450145682
-100,25,-95,0.8848352931308573,85.11075687979421,-82.38906261319553
-100,25,-90,0.8850813690462566,85.08458065291538,-82.38420530731634
-100,25,-85,0.8853277837802909,85.05839039725349,-82.37934256940876
-100,25,-80,0.8855745382113739,85.03218571855795,-82.37447438499998
-100,30,-110,0.8841166710372187,85.18814765125626,-82.40331448613937
-100,30,-105,0.8843617650268641,85.16201269220555,-82.39847288028476
-100,30,-100,0.8846071953056761,85.13586384131283,-82.39362588376487
-100,30,-95,0.8848529627420714,85.10970069090226,-82.38877348228436
-100,30,-90,0.8850990682078997,85.08352378377967,-82.3839156614863
-100,30,-85,0.8853455125784672,85.05733250904734,-82.37905240695159
-100,30,-80,0.885592296732561,85.03112732439021,-82.37418370419874
-100,35,-110,0.8841342547187254,85.18709385601277,-82.40302683850419
-100,35,-105,0.8843793780100325,85.16095812719568,-82.39818472258523
-100,35,-100,0.8846248376755611,85.13480824664614,-82.3933372143171
-100,35,-95,0.8848706345840769,85.10864444119596,-82.38848429939596
-100,35,-90,0.8851167696078097,85.08246680469205,-82.38362596345623
-100,35,-85,0.8853632436224217,85.05627481273214,-82.37876219207024
-100,35,-80,0.8856100575070692,85.03006887351364,-82.37389297074778
-100,40,-110,0.8841518406094085,85.18603992580536,-82.4027391395163
-100,40,-105,0.8843969932097522,85.15990326981353,-82.397896513314
-100,40,-100,0.8846424822693985,85.13375293446575,-82.39304849307726
-100,40,-95,0.8848883086574808,85.1075883678252,-82.38819506449376
-100,40,-90,0.8851344732465881,85.08141004217374,-82.38333621318937
-100,40,-85,0.8853809769127524,85.05521715606845,-82.37847192472768
-100,40,-80,0.8856278205355005,85.02901063269017,-82.37360218460977
-100,45,-110,0.8841694287098483,85.18498602284389,-82.40245138913988
-100,45,-105,0.8844146106265999,85.15884862731828,-82.39760825243499
-100,45,-100,0.8846601290877778,85.13269760063892,-82.39275972000908
-100,45,-95,0.8849059849628731,85.10653232645927,-82.3879057775413
-100,45,-90,0.8851521791248316,85.08035270139453,-82.38304641064889
-100,45,-85,0.8853987124500698,85.05415957328371,-82.37818160488682
-100,45,-80,0.8856455858184671,85.02795224687871,-82.37331134574738
-100,50,-110,0.8841870190206401,85.18393203464757,-82.40216358733909
-100,50,-105,0.8844322302611821,85.15779408005045,-82.39731993991207
-100,50,-100,0.8846777781312961,85.13164207843862,-82.39247089507614
-100,50,-95,0.8849236635008478,85.10547604775394,-82.38761643850188
-100,50,-90,0.8851698872431523,85.07929616364554,-82.38275655579788
-100,50,-85,0.8854164502349783,85.05310193466465,-82.37789123251045
-100,50,-80,0.8856633533565755,85.026893750791,-82.37302045412316
-100,55,-110,0.8842046115423641,85.18287813619537,-82.40187573407803
-100,55,-105,0.8844498521140777,85.1567391426582,-82.39703157570914
-100,55,-100,0.8846954294005499,85.13058671193114,-82.39218201824207
-100,55,-95,0.8849413442720145,85.10441993788972,-82.38732704733881
-100,55,-90,0.8851875976021412,85.07823916446915,-82.38246664859939
-100,55,-85,0.8854341902680726,85.05204436173331,-82.37760080756136
-100,55,-80,0.8856811231504317,85.02583536920699,-82.37272950969961
-95,25,-110,0.9377948505058146,77.73580775144752,-78.54223172613344
-95,25,-105,0.9382158216899203,77.69716172179822,-78.53450998859884
-95,25,-100,0.9386377136308061,77.65846275801579,-78.52677432819483
-95,25,-95,0.9390605302062985,77.61973619288291,-78.51902468709854
-95,25,-90,0.9394842753194024,77.58092858451069,-78.51126100710546
-95,25,-85,0.9399089528985471,77.54213333829178,-78.50348322962599
-95,25,-80,0.9403345668978171,77.50330611739486,-78.49569129568187
-95,30,-110,0.9378388138326714,77.7334987606934,-78.54155228003935
-95,30,-105,0.9382599037516326,77.69484905928029,-78.53382871801385
-95,30,-100,0.9386819149914751,77.65614580142467,-78.52609122422628
-95,30,-95,0.9391048514339674,77.61741598252718,-78.51833974078932
-95,30,-90,0.9395287169861116,77.57860512222153,-78.51057420943347
-95,30,-85,0.9399535155803713,77.53980657670142,-78.50279457150341
-95,30,-80,0.9403792511748346,77.500976341876,-78.49500076795466
-95,35,-110,0.9378827906385159,77.7311894738363,-78.54087260813534
-95,35,-105,0.9383039993656902,77.69253631541656,-78.53314722032195
-95,35,-100,0.9387261299784044,77.65382895277851,-78.52540789184337
-95,35,-95,0.939149186362385,77.61509547444955,-78.51765456474776
-95,35,-90,0.9395731724286596,77.57628138954685,-78.50988718070039
-95,35,-85,0.939998092113648,77.53747970819857,-78.5021056809803
-95,35,-80,0.9404239493795261,77.49864621174876,-78.49431000647648
-95,40,-110,0.9379267809322027,77.7288801351668,-78.54019271022678
-95,40,-105,0.9383481085410162,77.69022288504,-78.5324654953268
-95,40,-100,0.9387703586005857,77.65151166147702,-78.52472433084803
-95,40,-95,0.9391935350006809,77.61277472117283,-78.51696915877389
-95,40,-90,0.9396176416561985,77.57395723003378,-78.50919992070459
-95,40,-85,0.9400426825076241,77.53515268595457,-78.5014165578531
-95,40,-80,0.9404686615211989,77.49631598553336,-78.49361901104203
-95,45,-110,0.9379707847226046,77.72657022388611,-78.53951258611882
-95,45,-105,0.938392231286522,77.68790949449982,-78.53178354283186
-95,45,-100,0.9388146008671252,77.64919400573099,-78.5240405410418
-95,45,-95,0.9392378973579305,77.61045378924473,-78.51628352266756
-95,45,-90,0.9396621246778974,77.57163304020747,-78.50851242924392
-95,45,-85,0.9400872867715477,77.5328252400506,-78.50072720191795
-95,45,-80,0.9405133876091906,77.49398555706942,-78.49292778144556
-95,50,-110,0.9380148020185055,77.7242602042052,-78.53883223561647
-95,50,-105,0.938436367611293,77.68559565439469,-78.53110136264006
-95,50,-100,0.9388588567870065,77.6468762291696,-78.52335652222595
-95,50,-95,0.9392822734432362,77.60813242965858,-78.51559765622822
-95,50,-90,0.9397066215029369,77.56930842713288,-78.50782470611614
-95,50,-85,0.9401319049146707,77.53049773157007,-78.5000376129707
-95,50,-80,0.9405581276528295,77.49165500333491,-78.49223631748103
-95,55,-110,0.938058832829012,77.72194969834813,-78.5381516585239
-95,55,-105,0.9384805175242258,77.68328160637077,-78.53041895455402
-95,55,-100,0.9389031263692798,77.6445580377168,-78.52267227420135
-95,55,-95,0.9393266632657181,77.60581100148337,-78.51491155925495
-95,55,-90,0.93975113214051,77.56698369947003,-78.50713675111848
-95,55,-85,0.9401765369462716,77.52816990816459,-78.49934779080678
-95,55,-80,0.9406028816614757,77.48932400048409,-78.49154461894197
-90,25,-110,1.0008670862546822,70.99829704861473,-74.42311054819896
-90,25,-105,1.001608148198015,70.9402734929835,-74.41027168192353
-90,25,-100,1.002351887108143,70.88216470358519,-74.39739388039942
-90,25,-95,1.0030983219719236,70.82397042945216,-74.38447687474896
-90,25,-90,1.0038474719852326,70.76568988626947,-74.37152039315032
-90,25,-85,1.0045993565559477,70.707406957743,-74.35852416079294
-90,25,-80,1.0053539953075323,70.64895989910637,-74.34548789983185
-90,30,-110,1.0009829504756556,70.99317145298454,-74.42138652362759
-90,30,-105,1.0017245368527552,70.93513484852492,-74.40854008775806
-90,30,-100,1.002468804407813,70.87701302642621,-74.39565465621241
-90,30,-95,1.0032157721776251,70.81880546329623,-74.38272995939732
-90,30,-90,1.0039654594087142,70.76051177937389,-74.369765724764
-90,30,-85,1.0047178855605645,70.7022163806098,-74.35676167676314
-90,30,-80,1.0054730703090076,70.64375590534561,-74.3437175367995
-90,35,-110,1.0010989060916895,70.98804407702188,-74.41966115599315
-90,35,-105,1.0018410177419181,70.92999447705076,-74.40680713819494
-90,35,-100,1.0025858147921038,70.87185956443317,-74.39391406413402
-90,35,-95,1.0033333163290945,70.81363888223242,-74.38098166349862
-90,35,-90,1.004083541650414,70.75533183850011,-74.36800966301033
-90,35,-85,1.0048365102671941,70.69702388580437,-74.35499778637856
-90,35,-80,1.0055922419078829,70.63855004600323,-74.34194575425484
-90,40,-110,1.001214953258703,70.98291497569375,-74.41793444291618
-90,40,-105,1.0019575910236147,70.92485238330447,-74.40507283082128
-90,40,-100,1.0027029184213463,70.86670426927398,-74.39217210171716
-90,40,-95,1.0034509545890336,70.8084703602522,-74.3792319845713
-90,40,-90,1.0042017188752437,70.75015002653889,-74.36625220537277
-90,40,-85,1.004955230843117,70.6918297844697,-74.35323248708681
-90,40,-80,1.00571151027381,70.63334233298177,-74.34017254960885
-90,45,-110,1.0013310921330323,70.97778407072593,-74.41620638201053
-90,45,-105,1.0020742568563843,70.91970837256963,-74.40333716321719
-90,45,-100,1.0028201154563197,70.86154720062022,-74.39042876650802
-90,45,-95,1.0035686871204574,70.80330009073163,-74.37748092012676
-90,45,-90,1.0043199912485707,70.7450473427114,-74.36449334932736
-90,45,-85,1.005074047456068,70.68663370549994,-74.35146577632797
-90,45,-80,1.005830875576912,70.6281328427686,-74.33839792026512
-90,50,-110,1.0014473228714413,70.97265133703752,-74.41447697088294
-90,50,-105,1.0021910153991989,70.91456271748626,-74.40160013295606
-90,50,-100,1.002937406058231,70.85638834609775,-74.3886840560457
-90,50,-95,1.0036865140868652,70.7981279733591,-74.37572846766925
-90,50,-90,1.004438358936253,70.73986288587683,-74.36273309234288
-90,50,-85,1.0051929602742231,70.68143578417975,-74.34969765153467
-90,50,-80,1.005950337987788,70.62292152157531,-74.3366218636195
-90,55,-110,1.0015636456311092,70.96751697432215,-74.41274620713367
-90,55,-105,1.002307866811443,70.90941519624532,-74.39986173760424
-90,55,-100,1.0030547903887403,70.8512276833671,-74.38693796786217
-90,55,-95,1.0038044356521463,70.79295410163064,-74.37397462469589
-90,55,-90,1.0045568221045653,70.73467648012202,-74.36097143188074
-90,55,-85,1.0053119694662325,70.67623606496113,-74.3479281101321
-90,55,-80,1.0060698976775178,70.6177083269401,-74.33484437706021
-85,25,-110,1.0692594743106199,65.45025895167579,-70.05656047271803
-85,25,-105,1.070589774225375,65.36080079273859,-70.03446865548435
-85,25,-100,1.0719282805799923,65.27111619144861,-70.01226034389678
-85,25,-95,1.0732750946549683,65.1811982799219,-69.98993413846213
-85,25,-90,1.0746303196857656,65.09104484874294,-69.9674886128928
-85,25,-85,1.0759940609146597,65.00064961517747,-69.9449223133973
-85,25,-80,1.077366425645066,64.91001814146566,-69.92223375794393
-85,30,-110,1.0695794891345904,65.43856343764749,-70.05191838170997
-85,30,-105,1.0709122937369753,65.349051285816,-70.02979151023727
-85,30,-100,1.0722533398728014,65.25931190798389,-70.00754765893811
-85,30,-95,1.073602729552356,65.16933858924769,-69.9851854182876
-85,30,-90,1.0749605667612774,65.0791290357579,-69.96270335168778
-85,30,-85,1.0763269575130243,64.98867706751476,-69.9400999947485
-85,30,-80,1.077702009904138,64.8979880392899,-69.91737385453959
-85,35,-110,1.0699001879237484,65.42685644202754,-70.04726671450787
-85,35,-105,1.07123550816649,65.33729012985505,-70.0251046367117
-85,35,-100,1.0725791052838698,65.2474959113816,-70.00282509020013
-85,35,-95,1.073931082023252,65.15746696677793,-69.98042665531625
-85,35,-90,1.0752915431279584,65.06720106801488,-69.95790788504809
-85,35,-85,1.0766605953907333,64.97669212115679,-69.93526730429738
-85,35,-80,1.0780383477092141,64.88594534685197,-69.91250340912516
-85,40,-110,1.0702215738673266,65.41513793888328,-70.04260542660738
-85,40,-105,1.071559420781528,65.32551737292934,-70.02040798931723
-85,40,-100,1.072905580161621,65.23566795850058,-69.99809259097246
-85,40,-95,1.0742601554994702,65.14558322793486,-69.97565780168257
-85,40,-90,1.0756232523037448,65.05526080894475,-69.95310216391594
-85,40,-85,1.0769949781544244,64.96469472981462,-69.93042419175742
-85,40,-80,1.078375442758552,64.87389007024309,-69.90762237014528
-85,45,-110,1.0705436501780745,65.40340384174034,-70.0379344731765
-85,45,-105,1.0718840348739938,65.31373281428301,-70.01570152212483
-85,45,-100,1.0732327678796014,65.22382812327153,-69.99335011419498
-85,45,-95,1.0745899534387762,65.13368738092811,-69.9708788091601
-85,45,-90,1.0759556978333438,65.04330450666318,-69.94828613886077
-85,45,-85,1.0773301094385128,64.95268489833715,-69.92557060645568
-85,45,-80,1.0787132987791443,64.86182212719304,-69.90273068564481
-85,50,-110,1.0708664200925018,65.39166237361357,-70.03325380905214
-85,50,-105,1.0722093537603579,65.30193653894143,-70.0109851888636
-85,50,-100,1.0735606718367514,65.21197628849875,-69.98859761245431
-85,50,-95,1.0749204793251617,65.12177946465351,-69.9660896291558
-85,50,-90,1.0762888832885595,65.03133974431975,-69.94345976007423
-85,50,-85,1.077665992905438,64.94066251248951,-69.92070649732867
-85,50,-80,1.079051919527029,64.84974145325367,-69.89782830326477
-85,55,-110,1.0711898868711516,65.37990930097845,-70.02856338873676
-85,55,-105,1.0725353807818918,65.29012838404131,-70.00625894291711
-85,55,-100,1.0738892954576509,65.20011257186903,-69.98383503797946
-85,55,-95,1.0752517366691978,65.10985931769967,-69.96129021270859
-85,55,-90,1.0766228122686519,65.01936260429723,-69.93862297736608
-85,55,-85,1.0780026322460023,64.92862761091354,-69.9158318129183
-85,55,-80,1.0793913087875895,64.8376480239395,-69.89291517023796
-80,25,-110,1.1394969938867066,61.22217353139396,-65.44704555118003
-80,25,-105,1.1419497413690731,61.07839453116175,-65.40757766020464
-80,25,-100,1.1444296247233139,60.93392796224962,-65.36772959039253
-80,25,-95,1.1469372598165053,60.78876088341647,-65.32749288928913
-80,25,-90,1.1494732846738573,60.64287998928693,-65.28685880140289
-80,25,-85,1.1520383605894877,60.49627138357183,-65.24581825301108
-80,25,-80,1.1546331733089787,60.348927333367435,-65.20436183597748
-80,30,-110,1.1404296877506825,61.19421748059241,-65.43375294574743
-80,30,-105,1.1428956453153145,61.05019215428053,-65.39410288553623
-80,30,-100,1.1453890790160732,60.905473467046576,-65.35406799490654
-80,30,-95,1.147910617875163,60.76004835182007,-65.31363964207657
-80,30,-90,1.1504609137623163,60.61390311364576,-65.27280888283344
-80,30,-85,1.1530406425517283,60.46702374317233,-65.23156644471165
-80,30,-80,1.1556505053543193,60.31940182363839,-65.18990271012993
-80,35,-110,1.1413681590460831,61.166181632703896,-65.4203809849455
-80,35,-105,1.1438474964882275,61.021907617021114,-65.38054643805235
-80,35,-100,1.1463546574500107,60.876934409101956,-65.34032231230226
-80,35,-95,1.1488902845025393,60.731248589125734,-65.29969979123503
-80,35,-90,1.1514550437812396,60.5848363855119,-65.25866973619489
-80,35,-85,1.1540496261910491,60.43769033104509,-65.21722266984798
-80,35,-80,1.1566747486911777,60.28978070985147,-65.17534875860613
-80,40,-110,1.142312486900948,61.13806506884478,-65.40692858981838
-80,40,-105,1.144805377615071,60.993540020747965,-65.36690718989819
-80,40,-100,1.1473264465624577,60.84830969999279,-65.3264913629666
-80,40,-95,1.149876350272154,60.70236065337473,-65.28567210232757
-80,40,-90,1.1524557695830084,60.5556786434705,-65.24444006893496
-80,40,-85,1.15506541089945,60.408255784867954,-65.2027855742175
-80,40,-80,1.1577060075316343,60.26006266130804,-65.16069856175118
-80,45,-110,1.1432627521700904,61.109866918497936,-65.39339465797576
-80,45,-105,1.1457693732570886,60.96508833558679,-65.35318398833316
-80,45,-100,1.148304534840018,60.81959840955293,-65.31257394083994
-80,45,-95,1.1508689078309227,60.673383327480295,-65.2715553127901
-80,45,-90,1.15346318822717,60.52642879505931,-65.23011855856404
-80,45,-85,1.1560880984205395,60.37872619232905,-65.18825377172632
-80,45,-80,1.1587443885950632,60.23024654182675,-65.14595066591049
-80,50,-110,1.1442190374873313,61.08158622013555,-65.37977806288667
-80,50,-105,1.146739569865837,60.936551518362144,-65.33937565496905
-80,50,-100,1.1492890127794246,60.790799370247925,-65.29856881259357
-80,50,-95,1.1518680519649849,60.644315593366876,-65.25734813104222
-80,50,-90,1.1544773990517072,60.49709263929526,-65.2157038516923
-80,50,-85,1.1571177929263217,60.349100278272815,-65.17362584334852
-80,50,-80,1.159790001191807,60.20033093772178,-65.13110358229896
-80,55,-110,1.1451814273197305,61.05322186854809,-65.36607765314632
-80,55,-105,1.1477160558417399,60.90792863495852,-65.32548098497877
-80,55,-100,1.1502799729508244,60.761911532458605,-65.28447471677386
-80,55,-95,1.15287387966811,60.61515626048009,-65.24304923556191
-80,55,-90,1.1554985037470882,60.46765460947012,-65.20119456302727
-80,55,-85,1.158154601097981,60.31937677716958,-65.15890033603714
-80,55,-80,1.1608429573103594,60.170314579529524,-65.11615578582196
-75,25,-110,1.2164009624075645,58.09528059325284,-60.4982992805854
-75,25,-105,1.221319479188227,57.84891463469509,-60.42148618527673
-75,25,-100,1.2263499278752903,57.600091266154685,-60.34311280827275
-75,25,-95,1.2314978395082943,57.3487066955508,-60.26310259810272
-75,25,-90,1.2367691934913216,57.09464887774727,-60.181372751834964
-75,25,-85,1.2421704695505458,56.83779614078149,-60.09783348243009
-75,25,-80,1.2477087076636155,56.578017682389465,-60.01238717214766
-75,30,-110,1.2194637601672462,58.02286632776119,-60.455283090617314
-75,30,-105,1.2244715652735811,57.77512391210826,-60.37724578926357
-75,30,-100,1.2295962581435373,57.524851571348115,-60.297580262976986
-75,30,-95,1.2348437969605632,57.27193912261793,-60.21620406667495
-75,30,-90,1.240220639606002,57.01626656163926,-60.13302778866646
-75,30,-85,1.2457338036837537,56.75770622258315,-60.04795420426002
-75,30,-80,1.251390936107094,56.49611517268035,-59.96087729268566
-75,35,-110,1.222591179548318,57.94975753782619,-60.4113870437286
-75,35,-105,1.2276923327216227,57.70059199973078,-60.33207024159987
-75,35,-100,1.2329157057905598,57.44881940804926,-60.25105212098247
-75,35,-95,1.238267731464611,57.194322394073495,-60.16824368939843
-75,35,-90,1.2437554011753023,56.936973353430766,-60.08354816537702
-75,35,-85,1.2493863347204661,56.676634545547,-59.996859996396104
-75,35,-80,1.2551688614407208,56.41315303243729,-59.9080637119564
-75,40,-110,1.2257863443410342,57.87592581205507,-60.36656881634824
-75,40,-105,1.230985217445047,57.6252872944232,-60.285912974437345
-75,40,-100,1.236312060230792,57.37195935011884,-60.20347700374367
-75,40,-95,1.241773834286737,57.11581621684348,-60.11916461431943
-75,40,-90,1.2473781280855674,56.85672357375956,-60.03287077738647
-75,40,-85,1.2531332381624396,56.59453076904577,-59.94448058056623
-75,40,-80,1.2590482642825653,56.32907568358288,-59.853867883078195
-75,45,-110,1.2290526251804268,57.80134063287509,-60.320782747144484
-75,45,-105,1.2343539367161454,57.54917567551914,-60.23872361293196
-75,45,-100,1.2397894328038084,57.29423326706003,-60.15479917357598
-75,45,-95,1.245366666530218,57.036379307985314,-60.068904977364234
-75,45,-90,1.251093896945875,56.77546868624678,-59.9809267315956
-75,45,-85,1.256980184153931,56.51133981598215,-59.89073896150432
-75,45,-80,1.2630355014755008,56.2438189793454,-59.79820342495164
-75,50,-110,1.2323936672407998,57.72596910556673,-60.27397946277471
-75,50,-105,1.2378025219201645,57.472220313288226,-60.190447532167695
-75,50,-100,1.2433522957055811,57.21559903216315,-60.10495800639495
-75,50,-95,1.2490512056579623,56.955963782656525,-60.01739727144939
-75,50,-90,1.2549082670010088,56.693155645225765,-59.927640587057844
-75,50,-85,1.260933405093249,56.42700293474624,-59.83555050726321
-75,50,-80,1.2671375883844405,56.157314698657174,-59.74097500078081
-75,55,-110,1.2358134220232624,57.649775708884974,-60.22610544830356
-75,55,-105,1.2413353563379472,57.39438123020239,-60.14102534599449
-75,55,-100,1.24700552713843,57.13601323805924,-60.05388738013131
-75,55,-95,1.2528328997565013,56.874518551624696,-59.96456761042997
-75,55,-90,1.2588273457513643,56.60972630575792,-59.87292946352395
-75,55,-85,1.264999775510458,56.34145209583915,-59.778821862193375
-75,55,-80,1.2713622968236773,56.069486800425764,-59.68207698283699
